#FileName	SpeciesCode	SpeciesName	Kingdom	Phylum	Subphylum	class	order	Family	genus
Absidia_idahoensis_thermophila.gb	ABSID	Absidia_idahoensis_var._thermophila	Fungi	Mucoromycota	Mucoromycotina	Mucoromycotina_C	Mucorales	Cunninghamellaceae	Absidia
Acremonium_chrysogenum.gb	ACRCH	Acremonium_chrysogenum_ATCC_11550	Fungi	Ascomycota	Pezizomycotina	Sordariomycetes	Hypocreales	mitosporicHypocreales	Acremonium
Agaricus_bisporus_burnettii_JB137S8.gb	AGABI	Agaricus_bisporus_var._burnettii_JB137-S8	Fungi	Basidiomycota	Agaricomycotina	Agaricomycetes	Agaricales	Agaricaceae	Agaricus
Ajellomyces_capsulatus_NAm1.gb	AJECA	Histoplasma_capsulatum_NAm1	Fungi	Ascomycota	Pezizomycotina	Eurotiomycetes	Onygenales	Ajellomycetaceae	Histoplasma
Amanita_muscaria_KoideBX008.gb	AMAMU	Amanita_muscaria_Koide_BX008	Fungi	Basidiomycota	Agaricomycotina	Agaricomycetes	Agaricales	Amanitaceae	Amanita
Anncaliia_algerae_PRA339.gb	ANNAL	Anncaliia_algerae_PRA339	Fungi	Microsporidia	Microsporidia_S	Microsporidia_C	Microsporidia_O	Tubulinosematidae	Anncaliia
Arthroderma_benhamiae_CBS112371.gb	ARTBE	Arthroderma_benhamiae_CBS_112371	Fungi	Ascomycota	Pezizomycotina	Eurotiomycetes	Onygenales	Arthrodermataceae	Arthroderma
Arthrobotrys_oligospora_ATCC24927.gb	ARTOL	Arthrobotrys_oligospora_ATCC_24927	Fungi	Ascomycota	Pezizomycotina	Orbiliomycetes	Orbiliales	Orbiliaceae	Orbilia
Arthroderma_otae_CBS113480.gb	ARTOT	Arthroderma_otae_CBS_113480	Fungi	Ascomycota	Pezizomycotina	Eurotiomycetes	Onygenales	Arthrodermataceae	Arthroderma
Ashbya_aceri.gb	ASHAC	Saccharomycetaceae_sp._'Ashbya_aceri'	Fungi	Ascomycota	Saccharomycotina	Saccharomycetes	Saccharomycetales	Saccharomycetaceae	Eremothecium
Ashbya_gossypii_ATCC10895.gb	ASHGO	Ashbya_gossypii_ATCC_10895	Fungi	Ascomycota	Saccharomycotina	Saccharomycetes	Saccharomycetales	Saccharomycetaceae	Eremothecium
Aspergillus_clavatus_NRRL1.gb	ASPCL	Aspergillus_clavatus_NRRL_1	Fungi	Ascomycota	Pezizomycotina	Eurotiomycetes	Eurotiales	Aspergillaceae	Aspergillus
Aspergillus_flavus_NRRL3357.gb	ASPFL	Aspergillus_flavus_NRRL3357	Fungi	Ascomycota	Pezizomycotina	Eurotiomycetes	Eurotiales	Aspergillaceae	Aspergillus
Aspergillus_fumigatus_A1163.gb	ASPFU	Aspergillus_fumigatus_A1163	Fungi	Ascomycota	Pezizomycotina	Eurotiomycetes	Eurotiales	Aspergillaceae	Aspergillus
Aspergillus_kawachii_IFO4308.gb	ASPKA	Aspergillus_kawachii_IFO_4308	Fungi	Ascomycota	Pezizomycotina	Eurotiomycetes	Eurotiales	Aspergillaceae	Aspergillus
Aspergillus_niger.gb	ASPNI	Aspergillus_niger	Fungi	Ascomycota	Pezizomycotina	Eurotiomycetes	Eurotiales	Aspergillaceae	Aspergillus
Aspergillus_ochraceoroseus.gb	ASPOC	Aspergillus_ochraceoroseus	Fungi	Ascomycota	Pezizomycotina	Eurotiomycetes	Eurotiales	Aspergillaceae	Aspergillus.
Aspergillus_oryzae_RIB40.gb	ASPOR	Aspergillus_oryzae_RIB40	Fungi	Ascomycota	Pezizomycotina	Eurotiomycetes	Eurotiales	Aspergillaceae	Aspergillus
Aspergillus_parasiticus.gb	ASPPA	Aspergillus_parasiticus_SU-1	Fungi	Ascomycota	Pezizomycotina	Eurotiomycetes	Eurotiales	Aspergillaceae	Aspergillus.
Aspergillus_rambellii.gb	ASPRA	Aspergillus_rambellii	Fungi	Ascomycota	Pezizomycotina	Eurotiomycetes	Eurotiales	Aspergillaceae	Aspergillus.
Aspergillus_ruber.gb	ASPRU	Aspergillus_ruber_CBS_135680	Fungi	Ascomycota	Pezizomycotina	Eurotiomycetes	Eurotiales	Aspergillaceae	Aspergillus
Aspergillus_terreus_NIH2624.gb	ASPTE	Aspergillus_terreus_NIH2624	Fungi	Ascomycota	Pezizomycotina	Eurotiomycetes	Eurotiales	Aspergillaceae	Aspergillus
Auricularia_delicata_TFB10046.gb	AURDE	Auricularia_delicata_TFB-10046_SS5	Fungi	Basidiomycota	Agaricomycotina	Agaricomycetes	Auriculariales	Auriculariaceae	Auricularia
Aureobasidium_pullulans_melanogenum.gb	AURPU	Aureobasidium_melanogenum_CBS_110374	Fungi	Ascomycota	Pezizomycotina	Dothideomycetes	Dothideales	Aureobasidiaceae	Aureobasidium
Batrachochytrium_dendrobatidis_JAM81.gb	BATDE	Batrachochytrium_dendrobatidis_JAM81	Fungi	Chytridiomycota	Chytridiomycota_S	Chytridiomycetes	Rhizophydiales	Rhizophydiales_F	Batrachochytrium
Baudoinia_compniacensis_UAMH10762.gb	BAUCO	Baudoinia_compniacensis_UAMH_10762	Fungi	Ascomycota	Pezizomycotina	Dothideomycetes	Capnodiales	Teratosphaeriaceae	Baudoinia
Beauveria_bassiana_D15.gb	BEABA	Beauveria_bassiana_D1-5	Fungi	Ascomycota	Pezizomycotina	Sordariomycetes	Hypocreales	Cordycipitaceae	Beauveria
Bipolaris_maydis_ATCC48331.gb	BIPMA	Bipolaris_maydis_ATCC_48331	Fungi	Ascomycota	Pezizomycotina	Dothideomycetes	Pleosporales	Pleosporaceae	Bipolaris
Bipolaris_oryzae_ATCC44560.gb	BIPOR	Bipolaris_oryzae_ATCC_44560	Fungi	Ascomycota	Pezizomycotina	Dothideomycetes	Pleosporales	Pleosporaceae	Bipolaris
Bipolaris_sorokiniana_ND90Pr.gb	BIPSO	Bipolaris_sorokiniana_ND90Pr	Fungi	Ascomycota	Pezizomycotina	Dothideomycetes	Pleosporales	Pleosporaceae	Bipolaris
Bipolaris_victoriae_FI3.gb	BIPVI	Bipolaris_victoriae_FI3	Fungi	Ascomycota	Pezizomycotina	Dothideomycetes	Pleosporales	Pleosporaceae	Bipolaris
Bipolaris_zeicola_26R13.gb	BIPZE	Bipolaris_zeicola_26-R-13	Fungi	Ascomycota	Pezizomycotina	Dothideomycetes	Pleosporales	Pleosporaceae	Bipolaris
Blastomyces_dermatitidis_ATCC18188.gb	BLADE	Blastomyces_dermatitidis_ATCC_18188	Fungi	Ascomycota	Pezizomycotina	Eurotiomycetes	Onygenales	Ajellomycetaceae	Blastomyces
Blumeria_graminis_tritici_96224.gb	BLUGR	Blumeria_graminis_f._sp._tritici_96224	Fungi	Ascomycota	Pezizomycotina	Leotiomycetes	Erysiphales	Erysiphaceae	Blumeria
Botryobasidium_botryosum.gb	BOTBO	Botryobasidium_botryosum_FD-172_SS1	Fungi	Basidiomycota	Agaricomycotina	Agaricomycetes	Cantharellales	Botryobasidiaceae	Botryobasidium
Botryotinia_fuckeliana_B0510.gb	BOTFU	Botrytis_cinerea_B05.10	Fungi	Ascomycota	Pezizomycotina	Leotiomycetes	Helotiales	Sclerotiniaceae	Botrytis
Brettanomyces_bruxellensis_AWRI1499.gb	BREBR	Brettanomyces_bruxellensis_AWRI1499	Fungi	Ascomycota	Saccharomycotina	Saccharomycetes	Saccharomycetales	Pichiaceae	Brettanomyces
Byssochlamys_spectabilis_No5.gb	BYSSP	Byssochlamys_spectabilis_No._5	Fungi	Ascomycota	Pezizomycotina	Eurotiomycetes	Eurotiales	Thermoascaceae	Byssochlamys
Candida_albicans_SC5314.gb	CANAL	Candida_albicans_SC5314	Fungi	Ascomycota	Saccharomycotina	Saccharomycetes	Saccharomycetales	Debaryomycetaceae	Candida
Candida_dubliniensis_CD36.gb	CANDU	Candida_dubliniensis_CD36	Fungi	Ascomycota	Saccharomycotina	Saccharomycetes	Saccharomycetales	Debaryomycetaceae	Candida
Candida_glabrata_CBS138.gb	CANGL	Candida_glabrata_CBS_138	Fungi	Ascomycota	Saccharomycotina	Saccharomycetes	Saccharomycetales	Saccharomycetaceae	Nakaseomyces
Candida_maltosa_Xu316.gb	CANMA	Candida_maltosa_Xu316	Fungi	Ascomycota	Saccharomycotina	Saccharomycetes	Saccharomycetales	Debaryomycetaceae	Candida
Candida_orthopsilosis_Co90125.gb	CANOR	Candida_orthopsilosis_Co_90-125	Fungi	Ascomycota	Saccharomycotina	Saccharomycetes	Saccharomycetales	Debaryomycetaceae	Candida
Candida_parapsilosis_CDC317.gb	CANPA	Candida_parapsilosis_CDC317	Fungi	Ascomycota	Saccharomycotina	Saccharomycetes	Saccharomycetales	Debaryomycetaceae	Candida
Candida_tenuis_ATCC10573.gb	CANTE	Candida_tenuis_ATCC_10573	Fungi	Ascomycota	Saccharomycotina	Saccharomycetes	Saccharomycetales	Debaryomycetaceae	Yamadazyma
Candida_tropicalis_MYA3404.gb	CANTR	Candida_tropicalis_MYA-3404	Fungi	Ascomycota	Saccharomycotina	Saccharomycetes	Saccharomycetales	Debaryomycetaceae	Candida
Capronia_coronata_CBS61796.gb	CAPCO	Capronia_coronata_CBS_617.96	Fungi	Ascomycota	Pezizomycotina	Eurotiomycetes	Chaetothyriales	Herpotrichiellaceae	Capronia
Capronia_epimyces_CBS60696.gb	CAPEP	Capronia_epimyces_CBS_606.96	Fungi	Ascomycota	Pezizomycotina	Eurotiomycetes	Chaetothyriales	Herpotrichiellaceae	Capronia
Ceratocystis_platani.gb	CERPL	Ceratocystis_platani	Fungi	Ascomycota	Pezizomycotina	Sordariomycetes	Microascales	Ceratocystidaceae	Ceratocystis.
Ceriporiopsis_subvermispora_B.gb	CERSU	Ceriporiopsis_subvermispora_B	Fungi	Basidiomycota	Agaricomycotina	Agaricomycetes	Polyporales	Meruliaceae	Ceriporiopsis
Chaetomium_globosum_CBS14851.gb	CHAGL	Chaetomium_globosum_CBS_148.51	Fungi	Ascomycota	Pezizomycotina	Sordariomycetes	Sordariales	Chaetomiaceae	Chaetomium
Chaetomium_thermophilum_thermophilum_DSM1495.gb	CHATH	Chaetomium_thermophilum_var._thermophilum_DSM_1495	Fungi	Ascomycota	Pezizomycotina	Sordariomycetes	Sordariales	Chaetomiaceae	Chaetomium
Cladophialophora_carrionii_CBS16054.gb	CLACA	Cladophialophora_carrionii_CBS_160.54	Fungi	Ascomycota	Pezizomycotina	Eurotiomycetes	Chaetothyriales	Herpotrichiellaceae	Cladophialophora
Clavispora_lusitaniae_ATCC42720.gb	CLALU	Clavispora_lusitaniae_ATCC_42720	Fungi	Ascomycota	Saccharomycotina	Saccharomycetes	Saccharomycetales	Metschnikowiaceae	Clavispora
Cladophialophora_psammophila_CBS110553.gb	CLAPS	Cladophialophora_psammophila_CBS_110553	Fungi	Ascomycota	Pezizomycotina	Eurotiomycetes	Chaetothyriales	Herpotrichiellaceae	Cladophialophora
Claviceps_purpurea_201.gb	CLAPU	Claviceps_purpurea_20.1	Fungi	Ascomycota	Pezizomycotina	Sordariomycetes	Hypocreales	Clavicipitaceae	Claviceps
Cladophialophora_yegresii_CBS114405.gb	CLAYE	Cladophialophora_yegresii_CBS_114405	Fungi	Ascomycota	Pezizomycotina	Eurotiomycetes	Chaetothyriales	Herpotrichiellaceae	Cladophialophora
Coccidioides_immitis_RS.gb	COCIM	Coccidioides_immitis_RS	Fungi	Ascomycota	Pezizomycotina	Eurotiomycetes	Onygenales	Onygenales_F	Coccidioides
Coccidioides_posadasii_C735.gb	COCPO	Coccidioides_posadasii_C735_delta_SOWgp	Fungi	Ascomycota	Pezizomycotina	Eurotiomycetes	Onygenales	Onygenales_F	Coccidioides
Colletotrichum_fioriniae.gb	COLFL	Colletotrichum_fioriniae_PJ7	Fungi	Ascomycota	Pezizomycotina	Sordariomycetes	Glomerellales	Glomerellaceae	Colletotrichum
Colletotrichum_gloeosporioides_Cg14.gb	COLGL	Colletotrichum_gloeosporioides_Cg-14	Fungi	Ascomycota	Pezizomycotina	Sordariomycetes	Glomerellales	Glomerellaceae	Colletotrichum
Colletotrichum_graminicola_M1001.gb	COLGR	Colletotrichum_graminicola_M1.001	Fungi	Ascomycota	Pezizomycotina	Sordariomycetes	Glomerellales	Glomerellaceae	Colletotrichum
Colletotrichum_higginsianum_IMI349063.gb	COLHI	Colletotrichum_higginsianum	Fungi	Ascomycota	Pezizomycotina	Sordariomycetes	Glomerellales	Glomerellaceae	Colletotrichum
Colletotrichum_orbiculare_MAFF240422.gb	COLOR	Colletotrichum_orbiculare_MAFF_240422	Fungi	Ascomycota	Pezizomycotina	Sordariomycetes	Glomerellales	Glomerellaceae	Colletotrichum
Colletotrichum_sublineola.gb	COLSU	Colletotrichum_sublineola	Fungi	Ascomycota	Pezizomycotina	Sordariomycetes	Glomerellales	Glomerellaceae	Colletotrichum
Coniosporium_apollinis_CBS100218.gb	CONAP	Coniosporium_apollinis_CBS_100218	Fungi	Ascomycota	Pezizomycotina	Eurotiomycetes	Chaetothyriales	Herpotrichiellaceae	Coniosporium
Coniophora_puteana_RWD64598.gb	CONPU	Coniophora_puteana_RWD-64-598_SS2	Fungi	Basidiomycota	Agaricomycotina	Agaricomycetes	Boletales	Coniophoraceae	Coniophora
Coprinopsis_cinerea_okayama7130.gb	COPCI	Coprinopsis_cinerea_okayama7_130	Fungi	Basidiomycota	Agaricomycotina	Agaricomycetes	Agaricales	Psathyrellaceae	Coprinopsis
Cordyceps_militaris_CM01.gb	CORMI	Cordyceps_militaris_CM01	Fungi	Ascomycota	Pezizomycotina	Sordariomycetes	Hypocreales	Cordycipitaceae	Cordyceps
Cryptococcus_gattii_20019351.gb	CRYGA	Cryptococcus_gattii_2001/935-1	Fungi	Basidiomycota	Agaricomycotina	Tremellomycetes	Tremellales	Tremellaceae	Filobasidiella
Cryptococcus_neoformans_grubii_H99.gb	CRYNE	Cryptococcus_neoformans_var._grubii_H99	Fungi	Basidiomycota	Agaricomycotina	Tremellomycetes	Tremellales	Tremellaceae	Filobasidiella
Cyberlindnera_fabianii_YJS4271.gb	CYBFA	Cyberlindnera_fabianii	Fungi	Ascomycota	Saccharomycotina	Saccharomycetes	Saccharomycetales	Phaffomycetaceae	Cyberlindnera
Cyphellophora_europaea_CBS101466.gb	CYPEU	Cyphellophora_europaea_CBS_101466	Fungi	Ascomycota	Pezizomycotina	Eurotiomycetes	Chaetothyriales	Cyphellophoraceae	Cyphellophora
Dactylellina_haptotyla_CBS20050.gb	DACHA	Dactylellina_haptotyla_CBS_200.50	Fungi	Ascomycota	Pezizomycotina	Orbiliomycetes	Orbiliales	Orbiliaceae	Dactylellina
Dacryopinax_sp_DJM731.gb	DACSP	Dacryopinax_sp._DJM-731_SS1	Fungi	Basidiomycota	Agaricomycotina	Dacrymycetes	Dacrymycetales	Dacrymycetaceae	Dacryopinax
Debaryomyces_hansenii_CBS767.gb	DEBHA	Debaryomyces_hansenii_CBS767	Fungi	Ascomycota	Saccharomycotina	Saccharomycetes	Saccharomycetales	Debaryomycetaceae	Debaryomyces
Diaporthe_ampelina.gb	DIAAM	Diaporthe_ampelina	Fungi	Ascomycota	Pezizomycotina	Sordariomycetes	Diaporthales	Diaporthaceae	Diaporthe.
Dichomitus_squalens_LYAD421.gb	DICSQ	Dichomitus_squalens_LYAD-421_SS1	Fungi	Basidiomycota	Agaricomycotina	Agaricomycetes	Polyporales	Polyporaceae	Dichomitus
Diplodia_seriata.gb	DIPSE	Diplodia_seriata	Fungi	Ascomycota	Pezizomycotina	Dothideomycetes	Botryosphaeriales	Botryosphaeriaceae	Diplodia.
Dothistroma_septosporum_NZE10.gb	DOTSE	Dothistroma_septosporum_NZE10	Fungi	Ascomycota	Pezizomycotina	Dothideomycetes	Capnodiales	Mycosphaerellaceae	Mycosphaerella
Drechslerella_stenobrocha_248.gb	DREST	Drechslerella_stenobrocha_248	Fungi	Ascomycota	Pezizomycotina	Orbiliomycetes	Orbiliales	Orbiliaceae	Drechslerella
Aspergillus_nidulans_FGSC_A4.gb	EMENI	Aspergillus_nidulans_FGSC_A4	Fungi	Ascomycota	Pezizomycotina	Eurotiomycetes	Eurotiales	Aspergillaceae	Aspergillus
Encephalitozoon_hellem_ATCC50504.gb	ENCHE	Encephalitozoon_hellem_ATCC_50504	Fungi	Microsporidia	Microsporidia_S	Microsporidia_C	Microsporidia_O	Unikaryonidae	Encephalitozoon
Encephalitozoon_intestinalis_ATCC50506.gb	ENCIN	Encephalitozoon_intestinalis_ATCC_50506	Fungi	Microsporidia	Microsporidia_S	Microsporidia_C	Microsporidia_O	Unikaryonidae	Encephalitozoon
Encephalitozoon_romaleae_SJ2008.gb	ENCRO	Encephalitozoon_romaleae_SJ-2008	Fungi	Microsporidia	Microsporidia_S	Microsporidia_C	Microsporidia_O	Unikaryonidae	Encephalitozoon
Endocarpon_pusillum_Z07020.gb	ENDPU	Endocarpon_pusillum_Z07020	Fungi	Ascomycota	Pezizomycotina	Eurotiomycetes	Verrucariales	Verrucariaceae	Endocarpon
Eremothecium_cymbalariae_DBVPG7215.gb	ERECY	Eremothecium_cymbalariae_DBVPG_7215	Fungi	Ascomycota	Saccharomycotina	Saccharomycetes	Saccharomycetales	Saccharomycetaceae	Eremothecium
Erysiphe_necator.gb	ERYNE	Erysiphe_necator	Fungi	Ascomycota	Pezizomycotina	Leotiomycetes	Erysiphales	Erysiphaceae	Erysiphe
Eutypa_lata_UCREL1.gb	EUTLA	Eutypa_lata_UCREL1	Fungi	Ascomycota	Pezizomycotina	Sordariomycetes	Xylariales	Diatrypaceae	Eutypa
Exophiala_aquamarina_CBS119918.gb	EXOAQ	Exophiala_aquamarina_CBS_119918	Fungi	Ascomycota	Pezizomycotina	Eurotiomycetes	Chaetothyriales	Herpotrichiellaceae	Exophiala
Exophiala_dermatitidis_UT8656.gb	EXODE	Exophiala_dermatitidis_NIH/UT8656	Fungi	Ascomycota	Pezizomycotina	Eurotiomycetes	Chaetothyriales	Herpotrichiellaceae	Exophiala
Fibroporia_radiculosa_TFFH294.gb	FIBRA	Fibroporia_radiculosa	Fungi	Basidiomycota	Agaricomycotina	Agaricomycetes	Polyporales	Polyporaceae	Fibroporia
Fomitiporia_mediterranea_MF322.gb	FOMME	Fomitiporia_mediterranea_MF3/22	Fungi	Basidiomycota	Agaricomycotina	Agaricomycetes	Hymenochaetales	Hymenochaetaceae	Fomitiporia
Fomitopsis_pinicola_FP58527.gb	FOMPI	Fomitopsis_pinicola_FP-58527_SS1	Fungi	Basidiomycota	Agaricomycotina	Agaricomycetes	Polyporales	Fomitopsidaceae	Fomitopsis
Fusarium_avenaceum.gb	FUSAV	Fusarium_avenaceum	Fungi	Ascomycota	Pezizomycotina	Sordariomycetes	Hypocreales	Nectriaceae	Fusarium
Fusarium_fujikuroi_IMI58289.gb	FUSFU	Fusarium_fujikuroi_IMI_58289	Fungi	Ascomycota	Pezizomycotina	Sordariomycetes	Hypocreales	Nectriaceae	Fusarium
Fusarium_oxysporum_lycopersici_MN25.gb	FUSOX	Fusarium_oxysporum_f._sp._lycopersici_MN25	Fungi	Ascomycota	Pezizomycotina	Sordariomycetes	Hypocreales	Nectriaceae	Fusarium
Fusarium_pseudograminearum_CS3096.gb	FUSPS	Fusarium_pseudograminearum_CS3096	Fungi	Ascomycota	Pezizomycotina	Sordariomycetes	Hypocreales	Nectriaceae	Fusarium
Gaeumannomyces_graminis_triticiR3111a1.gb	GAEGR	Gaeumannomyces_graminis_var._tritici_R3-111a-1	Fungi	Ascomycota	Pezizomycotina	Sordariomycetes	Magnaporthales	Magnaporthaceae	Gaeumannomyces
Galerina_marginata_CBS33988.gb	GALMA	Galerina_marginata_CBS_339.88	Fungi	Basidiomycota	Agaricomycotina	Agaricomycetes	Agaricales	Strophariaceae	Galerina
Fusarium_verticillioides_7600.gb	GIBMO	Fusarium_verticillioides_7600	Fungi	Ascomycota	Pezizomycotina	Sordariomycetes	Hypocreales	Nectriaceae	Fusarium
Fusarium_graminearum.gb	GIBZE	Fusarium_graminearum	Fungi	Ascomycota	Pezizomycotina	Sordariomycetes	Hypocreales	Nectriaceae	Fusarium
Glarea_lozoyensis_74030.gb	GLALO	Glarea_lozoyensis_74030	Fungi	Ascomycota	Pezizomycotina	Leotiomycetes	Helotiales	Helotiaceae	Glarea
Gloeophyllum_trabeum_ATCC11539.gb	GLOTR	Gloeophyllum_trabeum_ATCC_11539	Fungi	Basidiomycota	Agaricomycotina	Agaricomycetes	Gloeophyllales	Gloeophyllaceae	Gloeophyllum
Grosmannia_clavigera_kw1407.gb	GROCL	Grosmannia_clavigera_kw1407	Fungi	Ascomycota	Pezizomycotina	Sordariomycetes	Ophiostomatales	Ophiostomataceae	Grosmannia
Gymnopus_luxurians_FD317.gb	GYMLU	Gymnopus_luxurians_FD-317_M1	Fungi	Basidiomycota	Agaricomycotina	Agaricomycetes	Agaricales	Tricholomataceae	Gymnopus
Hebeloma_cylindrosporum_h7.gb	HEBCY	Hebeloma_cylindrosporum_h7	Fungi	Basidiomycota	Agaricomycotina	Agaricomycetes	Agaricales	Cortinariaceae	Hebeloma
Heterobasidion_irregulare_TC321.gb	HETIR	Heterobasidion_irregulare_TC_32-1	Fungi	Basidiomycota	Agaricomycotina	Agaricomycetes	Russulales	Bondarzewiaceae	Heterobasidion
Hydnomerulius_pinastri_MD312.gb	HYDPI	Hydnomerulius_pinastri_MD-312	Fungi	Basidiomycota	Agaricomycotina	Agaricomycetes	Boletales	Paxillaceae	Hydnomerulius
Hypocrea_virens.gb	HYPVG	Trichoderma_virensGv29-8	Fungi	Ascomycota	Pezizomycotina	Sordariomycetes	Hypocreales	Hypocreaceae	Trichoderma
Jaapia_argillacea_MUCL33604.gb	JAAAR	Jaapia_argillacea_MUCL_33604	Fungi	Basidiomycota	Agaricomycotina	Agaricomycetes	Jaapiales	Jaapiaceae	Jaapia
Kazachstania_africana_CBS2517.gb	KAZAF	Kazachstania_africana_CBS_2517	Fungi	Ascomycota	Saccharomycotina	Saccharomycetes	Saccharomycetales	Saccharomycetaceae	Kazachstania
Kazachstania_naganishii_CBS8797.gb	KAZNA	Kazachstania_naganishii_CBS_8797	Fungi	Ascomycota	Saccharomycotina	Saccharomycetes	Saccharomycetales	Saccharomycetaceae	Kazachstania
Kluyveromyces_dobzhanskii_CBS2104.gb	KLUDO	Kluyveromyces_dobzhanskii_CBS_2104	Fungi	Ascomycota	Saccharomycotina	Saccharomycetes	Saccharomycetales	Saccharomycetaceae	Kluyveromyces
Kluyveromyces_lactis_NRRLY1140.gb	KLULA	Kluyveromyces_lactis	Fungi	Ascomycota	Saccharomycotina	Saccharomycetes	Saccharomycetales	Saccharomycetaceae	Kluyveromyces
Kluyveromyces_marxianus.gb	KLUMA	Kluyveromyces_marxianus	Fungi	Ascomycota	Saccharomycotina	Saccharomycetes	Saccharomycetales	Saccharomycetaceae	Kluyveromyces
Kuraishia_capsulata_CBS1993.gb	KURCA	Kuraishia_capsulata_CBS_1993	Fungi	Ascomycota	Saccharomycotina	Saccharomycetes	Saccharomycetales	Saccharomycetales_F	Kuraishia
Laccaria_amethystina_LaAM081.gb	LACAM	Laccaria_amethystina_LaAM-08-1	Fungi	Basidiomycota	Agaricomycotina	Agaricomycetes	Agaricales	Tricholomataceae	Laccaria
Laccaria_bicolor_S238NH82.gb	LACBI	Laccaria_bicolor_S238N-H82	Fungi	Basidiomycota	Agaricomycotina	Agaricomycetes	Agaricales	Tricholomataceae	Laccaria
Lachancea_lanzarotensis_LALA0.gb	LACLA	Lachancea_lanzarotensis	Fungi	Ascomycota	Saccharomycotina	Saccharomycetes	Saccharomycetales	Saccharomycetaceae	Lachancea
Lachancea_thermotolerans_CBS6340.gb	LACTH	Lachancea_thermotolerans_CBS_6340	Fungi	Ascomycota	Saccharomycotina	Saccharomycetes	Saccharomycetales	Saccharomycetaceae	Lachancea
Leptosphaeria_maculans_JN3.gb	LEPMA	Leptosphaeria_maculans_JN3	Fungi	Ascomycota	Pezizomycotina	Dothideomycetes	Pleosporales	Leptosphaeriaceae	Leptosphaeria
Lichtheimia_corymbifera_JMRCFSU9682.gb	LICCO	Lichtheimia_corymbifera_JMRC:FSU:9682	Fungi	Mucoromycota	Mucoromycotina	Mucoromycotina_C	Mucorales	Lichtheimiaceae	Lichtheimia
Lodderomyces_elongisporus_NRRLYB4239.gb	LODEL	Lodderomyces_elongisporus_NRRL_YB-4239	Fungi	Ascomycota	Saccharomycotina	Saccharomycetes	Saccharomycetales	Debaryomycetaceae	Lodderomyces
Macrophomina_phaseolina_MS6.gb	MACPH	Macrophomina_phaseolina_MS6	Fungi	Ascomycota	Pezizomycotina	Dothideomycetes	Botryosphaeriales	Botryosphaeriaceae	Macrophomina
Magnaporthe_oryzae_7015.gb	MAGOR	Magnaporthe_oryzae_70-15	Fungi	Ascomycota	Pezizomycotina	Sordariomycetes	Magnaporthales	Magnaporthaceae	Magnaporthe
Malassezia_globosa_CBS7966.gb	MALGL	Malassezia_globosa_CBS_7966	Fungi	Basidiomycota	Ustilaginomycotina	Malasseziomycetes	Malasseziales	Malasseziaceae	Malassezia
Malassezia_sympodialis_ATCC42132.gb	MALSY	Malassezia_sympodialis_ATCC_42132	Fungi	Basidiomycota	Ustilaginomycotina	Malasseziomycetes	Malasseziales	Malasseziaceae	Malassezia
Marssonina_brunnea_multigermtubi_MB_m1.gb	MARBR	Marssonina_brunnea_f._sp._'multigermtubi'_MB_m1	Fungi	Ascomycota	Pezizomycotina	Leotiomycetes	Helotiales	Dermateaceae	Marssonina
Melampsora_larici-populina_98AG31.gb	MELLA	Melampsora_larici-populina_98AG31	Fungi	Basidiomycota	Pucciniomycotina	Pucciniomycetes	Pucciniales	Melampsoraceae	Melampsora
Melanopsichium_pennsylvanicum.gb	MELPE	Melanopsichium_pennsylvanicum_4	Fungi	Basidiomycota	Ustilaginomycotina	Ustilaginomycetes	Ustilaginales	Ustilaginaceae	Melanopsichium
Metarhizium_acridum_CQMa102.gb	METAC	Metarhizium_acridum_CQMa_102	Fungi	Ascomycota	Pezizomycotina	Sordariomycetes	Hypocreales	Clavicipitaceae	Metarhizium
Metarhizium_album_ARSEF1941.gb	METAL	Metarhizium_album_ARSEF_1941	Fungi	Ascomycota	Pezizomycotina	Sordariomycetes	Hypocreales	Clavicipitaceae	Metarhizium
Metarhizium_anisopliae_ARSEF549.gb	METAN	Metarhizium_anisopliae_ARSEF_549	Fungi	Ascomycota	Pezizomycotina	Sordariomycetes	Hypocreales	Clavicipitaceae	Metarhizium
Metarhizium_brunneum_ARSEF3297.gb	METBR	Metarhizium_brunneum_ARSEF_3297	Fungi	Ascomycota	Pezizomycotina	Sordariomycetes	Hypocreales	Clavicipitaceae	Metarhizium
Metarhizium_guizhouense_ARSEF977.gb	METGU	Metarhizium_guizhouense_ARSEF_977	Fungi	Ascomycota	Pezizomycotina	Sordariomycetes	Hypocreales	Clavicipitaceae	Metacordyceps
Metarhizium_majus_ARSEF297.gb	METMA	Metarhizium_majus_ARSEF_297	Fungi	Ascomycota	Pezizomycotina	Sordariomycetes	Hypocreales	Clavicipitaceae	Metarhizium
Metarhizium_robertsii_ARSEF23.gb	METRO	Metarhizium_robertsii_ARSEF_23	Fungi	Ascomycota	Pezizomycotina	Sordariomycetes	Hypocreales	Clavicipitaceae	Metarhizium
Meyerozyma_guilliermondii_ATCC6260.gb	MEYGU	Meyerozyma_guilliermondii_ATCC_6260	Fungi	Ascomycota	Saccharomycotina	Saccharomycetes	Saccharomycetales	Debaryomycetaceae	Meyerozyma
Microsporum_gypseum_CBS118893.gb	MICGY	Microsporum_gypseum_CBS_118893	Fungi	Ascomycota	Pezizomycotina	Eurotiomycetes	Onygenales	Arthrodermataceae	Microsporum
Microsporidia_sp_UGP3.gb	MICSP	Microsporidia_sp._UGP3	Fungi	Microsporidia	Microsporidia_S	Microsporidia_C	Microsporidia_O	Microsporidia_F	Microsporidia_G
Microbotryum_violaceum_p1A1.gb	MICVI	Microbotryum_violaceum_p1A1_Lamole	Fungi	Basidiomycota	Pucciniomycotina	Microbotryomycetes	Microbotryales	Microbotryaceae	Microbotryum
Mixia_osmundae_IAM14324.gb	MIXOS	Mixia_osmundae_IAM_14324	Fungi	Basidiomycota	Pucciniomycotina	Mixiomycetes	Mixiales	Mixiaceae	Mixia
Moniliophthora_roreri_MCA2997.gb	MONRO	Moniliophthora_roreri_MCA_2997	Fungi	Basidiomycota	Agaricomycotina	Agaricomycetes	Agaricales	Marasmiaceae	Moniliophthora
Mortierella_verticillata_NRRL6337.gb	MORVE	Mortierella_verticillata_NRRL_6337	Fungi	Mucoromycota	Mortierellomycotina	Mortierellomycotina_C	Mortierellales	Mortierellaceae	Mortierella
Mucor_circinelloides_circinelloides_1006PhL.gb	MUCCI	Mucor_circinelloides_f._circinelloides_1006PhL	Fungi	Mucoromycota	Mucoromycotina	Mucoromycotina_C	Mucorales	Mucoraceae	Mucor
Myceliophthora_thermophila_ATCC42464.gb	MYCTH	Myceliophthora_thermophila_ATCC_42464	Fungi	Ascomycota	Pezizomycotina	Sordariomycetes	Sordariales	Chaetomiaceae	Myceliophthora
Naumovozyma_castellii_CBS4309.gb	NAUCA	Naumovozyma_castellii_CBS_4309	Fungi	Ascomycota	Saccharomycotina	Saccharomycetes	Saccharomycetales	Saccharomycetaceae	Naumovozyma
Naumovozyma_dairenensis_CBS421.gb	NAUDA	Naumovozyma_dairenensis_CBS_421	Fungi	Ascomycota	Saccharomycotina	Saccharomycetes	Saccharomycetales	Saccharomycetaceae	Naumovozyma
Nectria_haematococca_mpVI.gb	NECHA	Nectria_haematococca_mpVI_77-13-4	Fungi	Ascomycota	Pezizomycotina	Sordariomycetes	Hypocreales	Nectriaceae	Fusarium
Nematocida_parisii_ERTm1.gb	NEMPA	Nematocida_parisii_ERTm1	Fungi	Microsporidia	Microsporidia_S	Microsporidia_C	Microsporidia_O	Microsporidia_F	Nematocida
Nematocida_sp1ERTm2.gb	NEMSP	Nematocida_sp._1_ERTm2	Fungi	Microsporidia	Microsporidia_S	Microsporidia_C	Microsporidia_O	Microsporidia_F	Nematocida
Neosartorya_fischeri_NRRL181_2.gb	NEOFI	Neosartorya_fischeri_NRRL_181	Fungi	Ascomycota	Pezizomycotina	Eurotiomycetes	Eurotiales	Aspergillaceae	Neosartorya
Neofusicoccum_parvum_UCRNP2.gb	NEOPA	Neofusicoccum_parvum_UCRNP2	Fungi	Ascomycota	Pezizomycotina	Dothideomycetes	Botryosphaeriales	Botryosphaeriaceae	Neofusicoccum
Neosartorya_udagawae.gb	NEOUD	Neosartorya_udagawae	Fungi	Ascomycota	Pezizomycotina	Eurotiomycetes	Eurotiales	Aspergillaceae	Neosartorya.
Neurospora_crassa_OR74A.gb	NEUCR	Neurospora_crassa_OR74A	Fungi	Ascomycota	Pezizomycotina	Sordariomycetes	Sordariales	Sordariaceae	Neurospora
Neurospora_tetrasperma_FGSC2508.gb	NEUTE	Neurospora_tetrasperma_FGSC_2508	Fungi	Ascomycota	Pezizomycotina	Sordariomycetes	Sordariales	Sordariaceae	Neurospora
Nosema_apis_BRL01.gb	NOSAP	Nosema_apis_BRL_01	Fungi	Microsporidia	Microsporidia_S	Microsporidia_C	Microsporidia_O	Nosematidae	Nosema
Ogataea_parapolymorpha_DL1.gb	OGAPA	Ogataea_parapolymorpha_DL-1	Fungi	Ascomycota	Saccharomycotina	Saccharomycetes	Saccharomycetales	Pichiaceae	Ogataea
Oidiodendron_maius_Zn.gb	OIDMA	Oidiodendron_maius_Zn	Fungi	Ascomycota	Pezizomycotina	Leotiomycetes	Leotiomycetes_O	Myxotrichaceae	Oidiodendron
Ophiostoma_piceae_UAMH11346.gb	OPHPI	Ophiostoma_piceae_UAMH_11346	Fungi	Ascomycota	Pezizomycotina	Sordariomycetes	Ophiostomatales	Ophiostomataceae	Ophiostoma
Ordospora_colligata_OC4.gb	ORDCO	Ordospora_colligata_OC4	Fungi	Microsporidia	Microsporidia_S	Microsporidia_C	Microsporidia_O	Ordosporidae	Ordospora
Paracoccidioides_brasiliensis_Pb03.gb	PARBR	Paracoccidioides_brasiliensis_Pb03	Fungi	Ascomycota	Pezizomycotina	Eurotiomycetes	Onygenales	Onygenales_F	Paracoccidioides
Paxillus_involutus_ATCC200175.gb	PAXIN	Paxillus_involutus_ATCC_200175	Fungi	Basidiomycota	Agaricomycotina	Agaricomycetes	Boletales	Paxillaceae	Paxillus
Penicillium_brasilianum.gb	PENBR	Penicillium_brasilianum	Fungi	Ascomycota	Pezizomycotina	Eurotiomycetes	Eurotiales	Aspergillaceae	Penicillium.
Penicillium_chrysogenum_Wisconsin541255_2.gb	PENCH	Penicillium_rubens_Wisconsin_54-1255	Fungi	Ascomycota	Pezizomycotina	Eurotiomycetes	Eurotiales	Aspergillaceae	Penicillium
Penicillium_digitatum_PHI26.gb	PENDI	Penicillium_digitatum_PHI26	Fungi	Ascomycota	Pezizomycotina	Eurotiomycetes	Eurotiales	Aspergillaceae	Penicillium
Penicillium_expansum_d1.gb	PENEN	Penicillium_expansum	Fungi	Ascomycota	Pezizomycotina	Eurotiomycetes	Eurotiales	Aspergillaceae	Penicillium
Penicillium_italicum.gb	PENIT	Penicillium_italicum	Fungi	Ascomycota	Pezizomycotina	Eurotiomycetes	Eurotiales	Aspergillaceae	Penicillium
Talaromyces_marneffei.gb	PENMQ	Talaromyces_marneffei_PM1	Fungi	Ascomycota	Pezizomycotina	Eurotiomycetes	Eurotiales	Trichocomaceae	Talaromyces
Penicillium_oxalicum_114_2.gb	PENOX	Penicillium_oxalicum_114-2	Fungi	Ascomycota	Pezizomycotina	Eurotiomycetes	Eurotiales	Aspergillaceae	Penicillium
Penicillium_roqueforti_FM164.gb	PENRO	Penicillium_roqueforti_FM164	Fungi	Ascomycota	Pezizomycotina	Eurotiomycetes	Eurotiales	Aspergillaceae	Penicillium
Penicillium_solitum.gb	PENSO	Penicillium_solitum	Fungi	Ascomycota	Pezizomycotina	Eurotiomycetes	Eurotiales	Aspergillaceae	Penicillium
Pestalotiopsis_fici_W1061.gb	PESFI	Pestalotiopsis_fici_W106-1	Fungi	Ascomycota	Pezizomycotina	Sordariomycetes	Xylariales	Amphisphaeriaceae	Pestalotiopsis
Phaeomoniella_chlamydospora.gb	PHACH	Phaeomoniella_chlamydospora	Fungi	Ascomycota	Pezizomycotina	Eurotiomycetes	Phaeomoniellales	Phaeomoniellales_F	Phaeomoniella
Phanerochaete_carnosa_HHB10118sp.gb	PHANE	Phanerochaete_carnosa_HHB-10118-sp	Fungi	Basidiomycota	Agaricomycotina	Agaricomycetes	Polyporales	Phanerochaetaceae	Phanerochaete
Phaeosphaeria_nodorum_SN15.gb	PHANO	Phaeosphaeria_nodorum_SN15	Fungi	Ascomycota	Pezizomycotina	Dothideomycetes	Pleosporales	Phaeosphaeriaceae	Parastagonospora
Phlebiopsis_gigantea_110611.gb	PHLGI	Phlebiopsis_gigantea_11061_1_CR5-6	Fungi	Basidiomycota	Agaricomycotina	Agaricomycetes	Polyporales	Phanerochaetaceae	Phlebiopsis
Pichia_kudriavzevii_SD108.gb	PICKU	Pichia_kudriavzevii	Fungi	Ascomycota	Saccharomycotina	Saccharomycetes	Saccharomycetales	Pichiaceae	Pichia
Pichia_pastoris_CBS7435.gb	PICPA	Komagataella_pastoris_CBS_7435	Fungi	Ascomycota	Saccharomycotina	Saccharomycetes	Saccharomycetales	Phaffomycetaceae	Komagataella
Piloderma_croceum_F1598.gb	PILCR	Piloderma_croceum_F_1598	Fungi	Basidiomycota	Agaricomycotina	Agaricomycetes	Atheliales	Atheliaceae	Piloderma
Piriformospora_indica_DSM11827.gb	PIRIN	Serendipita_indica	Fungi	Basidiomycota	Agaricomycotina	Agaricomycetes	Sebacinales	Serendipitaceae	Serendipita
Pisolithus_microcarpus_441.gb	PISMI	Pisolithus_microcarpus_441	Fungi	Basidiomycota	Agaricomycotina	Agaricomycetes	Boletales	Pisolithaceae	Pisolithus
Pisolithus_tinctorius_Marx270.gb	PISTI	Pisolithus_tinctorius_Marx_270	Fungi	Basidiomycota	Agaricomycotina	Agaricomycetes	Boletales	Pisolithaceae	Pisolithus
Pleurotus_ostreatus_PC15.gb	PLEOS	Pleurotus_ostreatus_PC15	Fungi	Basidiomycota	Agaricomycotina	Agaricomycetes	Agaricales	Pleurotaceae	Pleurotus
Plicaturopsis_crispa_FD325.gb	PLICR	Plicaturopsis_crispa_FD-325_SS-3	Fungi	Basidiomycota	Agaricomycotina	Agaricomycetes	Agaricales	Agaricalesincertaesedis	Plicaturopsis
Pneumocystis_jirovecii_SE8.gb	PNEJI	Pneumocystis_jirovecii	Fungi	Ascomycota	Taphrinomycotina	Pneumocystidomycetes	Pneumocystidales	Pneumocystidaceae	Pneumocystis
Pneumocystis_murina_B123.gb	PNEMU	Pneumocystis_murina_B123	Fungi	Ascomycota	Taphrinomycotina	Pneumocystidomycetes	Pneumocystidales	Pneumocystidaceae	Pneumocystis
Podospora_anserina.gb	PODAN	Podospora_anserina_S_mat+	Fungi	Ascomycota	Pezizomycotina	Sordariomycetes	Sordariales	Lasiosphaeriaceae	Podospora
Postia_placenta_Mad698R.gb	POSPA	Postia_placenta_Mad-698-R	Fungi	Basidiomycota	Agaricomycotina	Agaricomycetes	Polyporales	Coriolaceae	Postia
Pseudozyma_antarctica.gb	PSEAN	Pseudozyma_antarctica	Fungi	Basidiomycota	Ustilaginomycotina	Ustilaginomycetes	Ustilaginales	Ustilaginaceae	Pseudozyma
Pseudozyma_aphidis_DSM70725.gb	PSEAP	Pseudozyma_aphidis_DSM_70725	Fungi	Basidiomycota	Ustilaginomycotina	Ustilaginomycetes	Ustilaginales	Ustilaginaceae	Pseudozyma
Pseudozyma_brasiliensis_GHG001.gb	PSEBR	Pseudozyma_brasiliensis_GHG001	Fungi	Basidiomycota	Ustilaginomycotina	Ustilaginomycetes	Ustilaginales	Ustilaginaceae	Pseudozyma
Pseudogymnoascus_destructans_2063121.gb	PSEDE	Pseudogymnoascus_destructans_20631-21	Fungi	Ascomycota	Pezizomycotina	Leotiomycetes	Leotiomycetes_O	Pseudeurotiaceae	Pseudogymnoascus
Pseudocercospora_fijiensis_CIRAD86.gb	PSEFI	Pseudocercospora_fijiensis_CIRAD86	Fungi	Ascomycota	Pezizomycotina	Dothideomycetes	Capnodiales	Mycosphaerellaceae	Pseudocercospora
Pseudozyma_flocculosa_PF1.gb	PSEFL	Pseudozyma_flocculosa_PF-1	Fungi	Basidiomycota	Ustilaginomycotina	Ustilaginomycetes	Ustilaginales	Ustilaginaceae	Pseudozyma
Pseudozyma_hubeiensis_SY62.gb	PSEHU	Pseudozyma_hubeiensis_SY62	Fungi	Basidiomycota	Ustilaginomycotina	Ustilaginomycetes	Ustilaginales	Ustilaginaceae	Pseudozyma
Puccinia_graminis_tritici.gb	PUCGR	Puccinia_graminis_f._sp._tritici_CRL_75-36-700-3	Fungi	Basidiomycota	Pucciniomycotina	Pucciniomycetes	Pucciniales	Pucciniaceae	Puccinia
Punctularia_strigosozonata_HHB11173.gb	PUNST	Punctularia_strigosozonata_HHB-11173_SS5	Fungi	Basidiomycota	Agaricomycotina	Agaricomycetes	Corticiales	Punctulariaceae	Punctularia
Pyronema_omphalodes_CBS100304.gb	PYROM	Pyronema_omphalodes_CBS_100304	Fungi	Ascomycota	Pezizomycotina	Pezizomycetes	Pezizales	Pyronemataceae	Pyronema
Pyrenophora_teres_teres.gb	PYRTE	Pyrenophora_teres_f._teres_0-1	Fungi	Ascomycota	Pezizomycotina	Dothideomycetes	Pleosporales	Pleosporaceae	Pyrenophora
Pyrenophora_tritici_repentis.gb	PYRTR	Pyrenophora_tritici-repentis_Pt-1C-BFP	Fungi	Ascomycota	Pezizomycotina	Dothideomycetes	Pleosporales	Pleosporaceae	Pyrenophora
Rhizopus_delemar.gb	RHIDE	Rhizopus_delemar_RA_99-880	Fungi	Mucoromycota	Mucoromycotina	Mucoromycotina_C	Mucorales	Rhizopodaceae	Rhizopus
Rhizopus_microsporus_CBS34429.gb	RHIMI	Rhizopus_microsporus	Fungi	Mucoromycota	Mucoromycotina	Mucoromycotina_C	Mucorales	Rhizopodaceae	Rhizopus
Rhizoctonia_solani_123E.gb	RHISO	Rhizoctonia_solani_123E	Fungi	Basidiomycota	Agaricomycotina	Agaricomycetes	Cantharellales	Ceratobasidiaceae	Rhizoctonia
Rhodotorula_glutinis_ATCC204091.gb	RHOGL	Rhodotorula_glutinis_ATCC_204091	Fungi	Basidiomycota	Pucciniomycotina	Microbotryomycetes	Sporidiobolales	Sporidiobolaceae	Rhodotorula
Rhodosporidium_toruloides_NP11.gb	RHOTO	Rhodotorula_toruloides_NP11	Fungi	Basidiomycota	Pucciniomycotina	Microbotryomycetes	Sporidiobolales	Sporidiobolaceae	Rhodotorula
Rozella_allomycis_CSF55.gb	ROZAL	Rozella_allomycis_CSF55	Fungi	Cryptomycota	Cryptomycota_S	Cryptomycota_C	Cryptomycota_O	Cryptomycota_F	Rozella
Saccharomyces_arboricola_H6.gb	SACAR	Saccharomyces_arboricola_H-6	Fungi	Ascomycota	Saccharomycotina	Saccharomycetes	Saccharomycetales	Saccharomycetaceae	Saccharomyces
Saccharomyces_VIN7.gb	SACVI	Saccharomyces_cerevisiae_x_Saccharomyces_kudriavzevii_VIN7	Fungi	Ascomycota	Saccharomycotina	Saccharomycetes	Saccharomycetales	Saccharomycetaceae	Saccharomyces
Scedosporium_apiospermum.gb	SCEAP	Scedosporium_apiospermum	Fungi	Ascomycota	Pezizomycotina	Sordariomycetes	Microascales	Microascaceae	Scedosporium
Schizophyllum_commune_H48.gb	SCHCO	Schizophyllum_commune_H4-8	Fungi	Basidiomycota	Agaricomycotina	Agaricomycetes	Agaricales	Schizophyllaceae	Schizophyllum
Schizosaccharomyces_cryophilus_OY26.gb	SCHCR	Schizosaccharomyces_cryophilus_OY26	Fungi	Ascomycota	Taphrinomycotina	Schizosaccharomycetes	Schizosaccharomycetales	Schizosaccharomycetaceae	Schizosaccharomyces
Schizosaccharomyces_japonicus_yFS275.gb	SCHJA	Schizosaccharomyces_japonicus_yFS275	Fungi	Ascomycota	Taphrinomycotina	Schizosaccharomycetes	Schizosaccharomycetales	Schizosaccharomycetaceae	Schizosaccharomyces
Schizosaccharomyces_octosporus_yFS286.gb	SCHOC	Schizosaccharomyces_octosporus_yFS286	Fungi	Ascomycota	Taphrinomycotina	Schizosaccharomycetes	Schizosaccharomycetales	Schizosaccharomycetaceae	Schizosaccharomyces
Schizosaccharomyces_pombe.gb	SCHPO	Schizosaccharomyces_pombe_972h-	Fungi	Ascomycota	Taphrinomycotina	Schizosaccharomycetes	Schizosaccharomycetales	Schizosaccharomycetaceae	Schizosaccharomyces
Scheffersomyces_stipitis_CBS6054.gb	SCHST	Scheffersomyces_stipitis_CBS_6054	Fungi	Ascomycota	Saccharomycotina	Saccharomycetes	Saccharomycetales	Debaryomycetaceae	Scheffersomyces
Sclerotinia_borealis.gb	SCLBO	Sclerotinia_borealis_F-4157	Fungi	Ascomycota	Pezizomycotina	Leotiomycetes	Helotiales	Sclerotiniaceae	Sclerotinia
Scleroderma_citrinum_FougA.gb	SCLCI	Scleroderma_citrinum_Foug_A	Fungi	Basidiomycota	Agaricomycotina	Agaricomycetes	Boletales	Sclerodermataceae	Scleroderma
Sclerotinia_sclerotiorum_1980.gb	SCLSC	Sclerotinia_sclerotiorum_1980_UF-70	Fungi	Ascomycota	Pezizomycotina	Leotiomycetes	Helotiales	Sclerotiniaceae	Sclerotinia
Serpula_lacrymans_lacrymans_S73.gb	SERLA	Serpula_lacrymans_var._lacrymans_S7.3	Fungi	Basidiomycota	Agaricomycotina	Agaricomycetes	Boletales	Serpulaceae	Serpula
Serendipita_vermifera_MAFF305830.gb	SERVE	Serendipita_vermifera_MAFF_305830	Fungi	Basidiomycota	Agaricomycotina	Agaricomycetes	Sebacinales	Serendipitaceae	Serendipita
Setosphaeria_turcica_Et28A.gb	SETTU	Setosphaeria_turcica_Et28A	Fungi	Ascomycota	Pezizomycotina	Dothideomycetes	Pleosporales	Pleosporaceae	Setosphaeria
Sordaria_macrospora_khell.gb	SORMA	Sordaria_macrospora_k-hell	Fungi	Ascomycota	Pezizomycotina	Sordariomycetes	Sordariales	Sordariaceae	Sordaria
Spathaspora_passalidarum_NRRLY27907.gb	SPAPA	Spathaspora_passalidarum_NRRL_Y-27907	Fungi	Ascomycota	Saccharomycotina	Saccharomycetes	Saccharomycetales	Debaryomycetaceae	Spathaspora
Sphaerulina_musiva_SO2202.gb	SPHMU	Sphaerulina_musiva_SO2202	Fungi	Ascomycota	Pezizomycotina	Dothideomycetes	Capnodiales	Mycosphaerellaceae	Sphaerulina
Sphaerobolus_stellatus_SS14.gb	SPHRE	Sphaerobolus_stellatus_SS14	Fungi	Basidiomycota	Agaricomycotina	Agaricomycetes	Geastrales	Sphaerobolaceae	Sphaerobolus
Sporothrix_brasiliensis_5110.gb	SPOBR	Sporothrix_brasiliensis_5110	Fungi	Ascomycota	Pezizomycotina	Sordariomycetes	Ophiostomatales	Ophiostomataceae	Sporothrix
Sporisorium_reilianum_SRZ2.gb	SPORE	Sporisorium_reilianum_SRZ2	Fungi	Basidiomycota	Ustilaginomycotina	Ustilaginomycetes	Ustilaginales	Ustilaginaceae	Sporisorium
Sporisorium_reilianum_SRZ2.gb	SPOSA	Sporisorium_reilianum_SRZ2	Fungi	Basidiomycota	Ustilaginomycotina	Ustilaginomycetes	Ustilaginales	Ustilaginaceae	Sporisorium.
Sporothrix_schenckii.gb	SPOSC	Sporothrix_schenckii_ATCC_58251	Fungi	Ascomycota	Pezizomycotina	Sordariomycetes	Ophiostomatales	Ophiostomataceae	Sporothrix
Stachybotrys_chartarum_IBT40288.gb	STACH	Stachybotrys_chartarum_IBT_40288	Fungi	Ascomycota	Pezizomycotina	Sordariomycetes	Hypocreales	mitosporicHypocreales	Stachybotrys
Stachybotrys_chlorohalonata_IBT40285.gb	STACL	Stachybotrys_chlorohalonata_IBT_40285	Fungi	Ascomycota	Pezizomycotina	Sordariomycetes	Hypocreales	mitosporicHypocreales	Stachybotrys
Stereum_hirsutum_FP91666.gb	STEHI	Stereum_hirsutum_FP-91666_SS1	Fungi	Basidiomycota	Agaricomycotina	Agaricomycetes	Russulales	Stereaceae	Stereum
Suillus_luteus_UHSluLm8n1.gb	SUILU	Suillus_luteus_UH-Slu-Lm8-n1	Fungi	Basidiomycota	Agaricomycotina	Agaricomycetes	Boletales	Suillaceae	Suillus
Talaromyces_cellulolyticus.gb	TALCE	Talaromyces_cellulolyticus	Fungi	Ascomycota	Pezizomycotina	Eurotiomycetes	Eurotiales	Trichocomaceae	Talaromyces
Talaromyces_islandicus.gb	TALIS	Talaromyces_islandicus	Fungi	Ascomycota	Pezizomycotina	Eurotiomycetes	Eurotiales	Trichocomaceae	Talaromyces.
Talaromyces_stipitatus_ATCC10500.gb	TALSN	Talaromyces_stipitatus_ATCC_10500	Fungi	Ascomycota	Pezizomycotina	Eurotiomycetes	Eurotiales	Trichocomaceae	Talaromyces
Taphrina_deformans_PYCC5710.gb	TAPDE	Taphrina_deformans_PYCC_5710	Fungi	Ascomycota	Taphrinomycotina	Taphrinomycetes	Taphrinales	Taphrinaceae	Taphrina
Tetrapisispora_blattae_CBS6284.gb	TETBL	Tetrapisispora_blattae_CBS_6284	Fungi	Ascomycota	Saccharomycotina	Saccharomycetes	Saccharomycetales	Saccharomycetaceae	Tetrapisispora
Tetrapisispora_phaffii_CBS4417.gb	TETPH	Tetrapisispora_phaffii_CBS_4417	Fungi	Ascomycota	Saccharomycotina	Saccharomycetes	Saccharomycetales	Saccharomycetaceae	Tetrapisispora
Thielaviopsis_punctulata.gb	THIPU	Thielaviopsis_punctulata	Fungi	Ascomycota	Pezizomycotina	Sordariomycetes	Microascales	Ceratocystidaceae	Thielaviopsis.
Thielavia_terrestris_NRRL8126.gb	THITE	Thielavia_terrestris_NRRL_8126	Fungi	Ascomycota	Pezizomycotina	Sordariomycetes	Sordariales	Chaetomiaceae	Thielavia
Tilletiaria_anomala_UBC951.gb	TILAN	Tilletiaria_anomala_UBC_951	Fungi	Basidiomycota	Ustilaginomycotina	Exobasidiomycetes	Georgefischeriales	Tilletiariaceae	Tilletiaria
Togninia_minima_UCRPA7.gb	TOGMI	Togninia_minima_UCRPA7	Fungi	Ascomycota	Pezizomycotina	Sordariomycetes	Calosphaeriales	Calosphaeriaceae	Togninia
Torulaspora_delbrueckii_CBS1146.gb	TORDE	Torulaspora_delbrueckii	Fungi	Ascomycota	Saccharomycotina	Saccharomycetes	Saccharomycetales	Saccharomycetaceae	Torulaspora
Torrubiella_hemipterigena.gb	TORHE	Torrubiella_hemipterigena	Fungi	Ascomycota	Pezizomycotina	Sordariomycetes	Hypocreales	Clavicipitaceae	Torrubiella
Trametes_cinnabarina_BRFM137.gb	TRACI	Trametes_cinnabarina	Fungi	Basidiomycota	Agaricomycotina	Agaricomycetes	Polyporales	Coriolaceae	Trametes
Trachipleistophora_hominis.gb	TRAHO	Trachipleistophora_hominis	Fungi	Microsporidia	Microsporidia_S	Microsporidia_C	Microsporidia_O	Pleistophoridae	Trachipleistophora
Trametes_versicolor_FP101664.gb	TRAVE	Trametes_versicolor_FP-101664_SS1	Fungi	Basidiomycota	Agaricomycotina	Agaricomycetes	Polyporales	Coriolaceae	Trametes
Tremella_mesenterica_DSM1558.gb	TREME	Tremella_mesenterica_DSM_1558	Fungi	Basidiomycota	Agaricomycotina	Tremellomycetes	Tremellales	Tremellaceae	Tremella
Trichosporon_asahii_asahii_CBS2479.gb	TRIAS	Trichosporon_asahii_var._asahii_CBS_2479	Fungi	Basidiomycota	Agaricomycotina	Tremellomycetes	Tremellales	mitosporicTremellales	Trichosporon
Trichoderma_atroviride_IMI206040.gb	TRIAT	Trichoderma_atroviride_IMI_206040	Fungi	Ascomycota	Pezizomycotina	Sordariomycetes	Hypocreales	Hypocreaceae	Trichoderma
Trichophyton_equinum_CBS12797.gb	TRIEQ	Trichophyton_equinum_CBS_127.97	Fungi	Ascomycota	Pezizomycotina	Eurotiomycetes	Onygenales	Arthrodermataceae	Trichophyton
Trichophyton_interdigitale_H6.gb	TRIIN	Trichophyton_interdigitale_H6	Fungi	Ascomycota	Pezizomycotina	Eurotiomycetes	Onygenales	Arthrodermataceae	Trichophyton
Trichoderma_reesei_QM6a.gb	TRIRE	Trichoderma_reesei_QM6a	Fungi	Ascomycota	Pezizomycotina	Sordariomycetes	Hypocreales	Hypocreaceae	Trichoderma
Trichophyton_rubrum_CBS100081.gb	TRIRU	Trichophyton_rubrum_CBS_100081	Fungi	Ascomycota	Pezizomycotina	Eurotiomycetes	Onygenales	Arthrodermataceae	Trichophyton
Trichophyton_soudanense_CBS45261.gb	TRISO	Trichophyton_soudanense_CBS_452.61	Fungi	Ascomycota	Pezizomycotina	Eurotiomycetes	Onygenales	Arthrodermataceae	Trichophyton
Trichophyton_tonsurans_CBS112818.gb	TRITO	Trichophyton_tonsurans_CBS_112818	Fungi	Ascomycota	Pezizomycotina	Eurotiomycetes	Onygenales	Arthrodermataceae	Trichophyton
Trichophyton_verrucosum_HKI0517.gb	TRIVE	Trichophyton_verrucosum_HKI_0517	Fungi	Ascomycota	Pezizomycotina	Eurotiomycetes	Onygenales	Arthrodermataceae	Trichophyton
Trichoderma_virens_Gv298.gb	TRIVI	Trichoderma_virens_Gv29-8	Fungi	Ascomycota	Pezizomycotina	Sordariomycetes	Hypocreales	Hypocreaceae	Trichoderma
Tuber_melanosporum_Mel28.gb	TUBME	Tuber_melanosporum_Mel28	Fungi	Ascomycota	Pezizomycotina	Pezizomycetes	Pezizales	Tuberaceae	Tuber
Tulasnella_calospora_MUT4182.gb	TULCA	Tulasnella_calospora_MUT_4182	Fungi	Basidiomycota	Agaricomycotina	Agaricomycetes	Cantharellales	Tulasnellaceae	Tulasnella
Uncinocarpus_reesii_1704.gb	UNCRE	Uncinocarpus_reesii_1704	Fungi	Ascomycota	Pezizomycotina	Eurotiomycetes	Onygenales	Onygenaceae	Uncinocarpus
Ustilago_hordei_strainUh48574.gb	USTHO	Ustilago_hordei	Fungi	Basidiomycota	Ustilaginomycotina	Ustilaginomycetes	Ustilaginales	Ustilaginaceae	Ustilago
Ustilago_maydis_521.gb	USTMA	Ustilago_maydis_521	Fungi	Basidiomycota	Ustilaginomycotina	Ustilaginomycetes	Ustilaginales	Ustilaginaceae	Ustilago
Ustilaginoidea_virens.gb	USTVI	Ustilaginoidea_virens	Fungi	Ascomycota	Pezizomycotina	Sordariomycetes	Hypocreales	Ustilaginoideae	Ustilaginoidea
Vanderwaltozyma_polyspora_DSM70294.gb	VANPO	Vanderwaltozyma_polyspora_DSM_70294	Fungi	Ascomycota	Saccharomycotina	Saccharomycetes	Saccharomycetales	Saccharomycetaceae	Vanderwaltozyma
Vavraia_culicis_floridensis.gb	VAVCU	Vavraia_culicis_subsp._floridensis	Fungi	Microsporidia	Microsporidia_S	Microsporidia_C	Microsporidia_O	Pleistophoridae	Vavraia
Verticillium_alfalfae_VaMs102.gb	VERAL	Verticillium_alfalfae_VaMs.102	Fungi	Ascomycota	Pezizomycotina	Sordariomycetes	Glomerellales	Plectosphaerellaceae	Verticillium
Verticillium_dahliae_VdLs17.gb	VERDA	Verticillium_dahliae_VdLs.17	Fungi	Ascomycota	Pezizomycotina	Sordariomycetes	Glomerellales	Plectosphaerellaceae	Verticillium
Vittaforma_corneae_ATCC50505.gb	VITCO	Vittaforma_corneae_ATCC_50505	Fungi	Microsporidia	Microsporidia_S	Microsporidia_C	Microsporidia_O	Nosematidae	Vittaforma
Wallemia_ichthyophaga_EXF994.gb	WALIC	Wallemia_ichthyophagaEXF-994	Fungi	Basidiomycota	Agaricomycotina	Wallemiomycetes	Wallemiales	Wallemiales_F	Wallemia
Wallemia_sebi_CBS63366.gb	WALSE	Wallemia_sebi_CBS_633.66	Fungi	Basidiomycota	Agaricomycotina	Wallemiomycetes	Wallemiales	Wallemiales_F	Wallemia
Wickerhamomyces_ciferrii_NRRLY1031.gb	WICCI	Wickerhamomyces_ciferrii	Fungi	Ascomycota	Saccharomycotina	Saccharomycetes	Saccharomycetales	Phaffomycetaceae	Wickerhamomyces
Yarrowia_lipolytica.gb	YARLI	Yarrowia_lipolytica_CLIB122	Fungi	Ascomycota	Saccharomycotina	Saccharomycetes	Saccharomycetales	Dipodascaceae	Yarrowia
Saccharomyces_cerevisiae_S288c.gb	YEAST	Saccharomyces_cerevisiae_S288c	Fungi	Ascomycota	Saccharomycotina	Saccharomycetes	Saccharomycetales	Saccharomycetaceae	Saccharomyces
Zygosaccharomyces_bailii_CLIB213.gb	ZYGBA	Zygosaccharomyces_bailii_CLIB_213	Fungi	Ascomycota	Saccharomycotina	Saccharomycetes	Saccharomycetales	Saccharomycetaceae	Zygosaccharomyces
Zygosaccharomyces_rouxii_CBS732.gb	ZYGRO	Zygosaccharomyces_rouxii_CBS_732	Fungi	Ascomycota	Saccharomycotina	Saccharomycetes	Saccharomycetales	Saccharomycetaceae	Zygosaccharomyces
Zymoseptoria_brevis.gb	ZYMBR	Zymoseptoria_brevis	Fungi	Ascomycota	Pezizomycotina	Dothideomycetes	Capnodiales	Mycosphaerellaceae	Zymoseptoria.
Zymoseptoria_tritici_IPO323.gb	ZYMTR	Zymoseptoria_tritici_IPO323	Fungi	Ascomycota	Pezizomycotina	Dothideomycetes	Capnodiales	Mycosphaerellaceae	Zymoseptoria
